opponent,planner,n,score,score_ci95,wins,draws,losses,win_ci95,draw_ci95,loss_ci95,win_rate,loss_rate,draw_rate
equilibrium,equilibrium,128,0.5390625,"[0.41902215108500995, 0.65910284891499]",66,6,56,"[0.4298624503761484, 0.6004770197403044]","[0.021657844171923776, 0.09849752245094322]","[0.35462313127053047, 0.5240189882636581]",0.515625,0.4375,0.046875
equilibrium,frozen,128,0.53125,"[0.41120965108500995, 0.65129034891499]",68,0,60,"[0.44515370795994524, 0.6155252322729605]","[0.0, 0.029136956273508416]","[0.3844747677270395, 0.5548462920400548]",0.53125,0.46875,0.0
equilibrium,belief,128,0.53125,"[0.41120965108500995, 0.65129034891499]",68,0,60,"[0.44515370795994524, 0.6155252322729605]","[0.0, 0.029136956273508416]","[0.3844747677270395, 0.5548462920400548]",0.53125,0.46875,0.0
uniform,equilibrium,128,0.7265625,"[0.60652215108501, 0.84660284891499]",90,6,32,"[0.6189947723495539, 0.7754183391643332]","[0.021657844171923776, 0.09849752245094322]","[0.18301284861358558, 0.33155562952316864]",0.703125,0.25,0.046875
uniform,frozen,128,0.71875,"[0.59870965108501, 0.83879034891499]",91,2,35,"[0.6271668442501395, 0.7824160023219742]","[0.004295449710144082, 0.055180976679817195]","[0.20366999780458017, 0.3564076855068533]",0.7109375,0.2734375,0.015625
uniform,belief,128,0.74609375,"[0.62605340108501, 0.86613409891499]",94,3,31,"[0.6518470619103658, 0.8032449898364271]","[0.008002416396755481, 0.06664374505143222]","[0.17618737999242146, 0.3232113630861063]",0.734375,0.2421875,0.0234375
reload,equilibrium,128,0.53125,"[0.41120965108500995, 0.65129034891499]",68,0,60,"[0.44515370795994524, 0.6155252322729605]","[0.0, 0.029136956273508416]","[0.3844747677270395, 0.5548462920400548]",0.53125,0.46875,0.0
reload,frozen,128,0.5390625,"[0.41902215108500995, 0.65910284891499]",69,0,59,"[0.4528298312720518, 0.6230188440190805]","[0.0, 0.029136956273508416]","[0.3769811559809195, 0.5471701687279483]",0.5390625,0.4609375,0.0
reload,belief,128,0.546875,"[0.42683465108500995, 0.66691534891499]",70,0,58,"[0.4605263667221713, 0.6304920436271872]","[0.0, 0.029136956273508416]","[0.36950795637281275, 0.5394736332778287]",0.546875,0.453125,0.0
shoot,equilibrium,128,0.609375,"[0.48933465108500995, 0.72941534891499]",77,2,49,"[0.5149824068759288, 0.6822241488810148]","[0.004295449710144082, 0.055180976679817195]","[0.3031862585769025, 0.46926771554970104]",0.6015625,0.3828125,0.015625
shoot,frozen,128,0.6171875,"[0.49714715108500995, 0.73722784891499]",78,2,48,"[0.5228464818201277, 0.6895298089950423]","[0.004295449710144082, 0.055180976679817195]","[0.29592429097646555, 0.4613599480919116]",0.609375,0.375,0.015625
shoot,belief,128,0.57421875,"[0.45417840108500995, 0.69425909891499]",72,3,53,"[0.47598101173634194, 0.6453768687294696]","[0.008002416396755481, 0.06664374505143222]","[0.33245150577514415, 0.5006814085843652]",0.5625,0.4140625,0.0234375
reactive,equilibrium,128,0.73828125,"[0.61824090108501, 0.85832159891499]",94,1,33,"[0.6518470619103658, 0.8032449898364271]","[0.0013804318928742412, 0.04292625943886061]","[0.18986902089941152, 0.3398691922955691]",0.734375,0.2578125,0.0078125
reactive,frozen,128,0.72265625,"[0.60261590108501, 0.84269659891499]",91,3,34,"[0.6271668442501395, 0.7824160023219742]","[0.008002416396755481, 0.06664374505143222]","[0.19675501016357286, 0.3481529380896342]",0.7109375,0.265625,0.0234375
reactive,belief,128,0.76953125,"[0.64949090108501, 0.88957159891499]",95,7,26,"[0.6601308077044309, 0.8101309791005885]","[0.026740201381346355, 0.10858490029974707]","[0.1425573819359227, 0.2809926858514729]",0.7421875,0.203125,0.0546875
bankroll,equilibrium,128,0.9453125,"[0.82527215108501, 1.0]",121,0,7,"[0.8914150997002529, 0.9732597986186536]","[0.0, 0.029136956273508416]","[0.026740201381346355, 0.10858490029974707]",0.9453125,0.0546875,0.0
bankroll,frozen,128,0.953125,"[0.83308465108501, 1.0]",122,0,6,"[0.9015024775490568, 0.9783421558280763]","[0.0, 0.029136956273508416]","[0.021657844171923776, 0.09849752245094322]",0.953125,0.046875,0.0
bankroll,belief,128,0.9453125,"[0.82527215108501, 1.0]",121,0,7,"[0.8914150997002529, 0.9732597986186536]","[0.0, 0.029136956273508416]","[0.026740201381346355, 0.10858490029974707]",0.9453125,0.0546875,0.0
switch,equilibrium,128,0.58203125,"[0.46199090108500995, 0.70207159891499]",73,3,52,"[0.48373932885040405, 0.6527882866736338]","[0.008002416396755481, 0.06664374505143222]","[0.3251030219432171, 0.4928601573580657]",0.5703125,0.40625,0.0234375
switch,frozen,128,0.5859375,"[0.46589715108500995, 0.70597784891499]",73,4,51,"[0.48373932885040405, 0.6527882866736338]","[0.01221826524505338, 0.07759763126136077]","[0.3177758511189852, 0.4850175931240712]",0.5703125,0.3984375,0.03125
switch,belief,128,0.58203125,"[0.46199090108500995, 0.70207159891499]",73,3,52,"[0.48373932885040405, 0.6527882866736338]","[0.008002416396755481, 0.06664374505143222]","[0.3251030219432171, 0.4928601573580657]",0.5703125,0.40625,0.0234375
counter,equilibrium,128,0.53125,"[0.41120965108500995, 0.65129034891499]",68,0,60,"[0.44515370795994524, 0.6155252322729605]","[0.0, 0.029136956273508416]","[0.3844747677270395, 0.5548462920400548]",0.53125,0.46875,0.0
counter,frozen,128,0.4921875,"[0.37214715108500995, 0.61222784891499]",63,0,65,"[0.4070774941965585, 0.5777527707452151]","[0.0, 0.029136956273508416]","[0.422247229254785, 0.5929225058034415]",0.4921875,0.5078125,0.0
counter,belief,128,0.484375,"[0.36433465108500995, 0.60441534891499]",62,0,66,"[0.39952298025969557, 0.5701375496238515]","[0.0, 0.029136956273508416]","[0.4298624503761484, 0.6004770197403044]",0.484375,0.515625,0.0
