family,planner,n,score,score_ci95,wins,draws,losses,win_ci95,draw_ci95,loss_ci95,win_rate,draw_rate,loss_rate
fixed,equilibrium,128,0.80078125,"[0.68074090108501, 0.92082159891499]",102,1,25,"[0.7190073141485271, 0.8574426180640773]","[0.0013804318928742412, 0.04292625943886061]","[0.1359396128283779, 0.2724407199007913]",0.796875,0.0078125,0.1953125
fixed,linear,128,0.875,"[0.75495965108501, 0.99504034891499]",111,2,15,"[0.7975798330550461, 0.9153977146815961]","[0.004295449710144082, 0.055180976679817195]","[0.07231682349355734, 0.18436615865334754]",0.8671875,0.015625,0.1171875
fixed,neural,128,0.8828125,"[0.76277215108501, 1.0]",112,2,14,"[0.8065737291824854, 0.9215735536123834]","[0.004295449710144082, 0.055180976679817195]","[0.06627879570700111, 0.17523445138167731]",0.875,0.015625,0.109375
fixed,calibrated,128,0.8828125,"[0.76277215108501, 1.0]",112,2,14,"[0.8065737291824854, 0.9215735536123834]","[0.004295449710144082, 0.055180976679817195]","[0.06627879570700111, 0.17523445138167731]",0.875,0.015625,0.109375
fixed,static,128,0.8828125,"[0.76277215108501, 1.0]",112,2,14,"[0.8065737291824854, 0.9215735536123834]","[0.004295449710144082, 0.055180976679817195]","[0.06627879570700111, 0.17523445138167731]",0.875,0.015625,0.109375
fixed,adaptive,128,0.8828125,"[0.76277215108501, 1.0]",112,2,14,"[0.8065737291824854, 0.9215735536123834]","[0.004295449710144082, 0.055180976679817195]","[0.06627879570700111, 0.17523445138167731]",0.875,0.015625,0.109375
fixed,frozen,128,0.8828125,"[0.76277215108501, 1.0]",112,2,14,"[0.8065737291824854, 0.9215735536123834]","[0.004295449710144082, 0.055180976679817195]","[0.06627879570700111, 0.17523445138167731]",0.875,0.015625,0.109375
reactive,equilibrium,128,0.55859375,"[0.43855340108500995, 0.67863409891499]",70,3,55,"[0.4605263667221713, 0.6304920436271872]","[0.008002416396755481, 0.06664374505143222]","[0.3472117133263662, 0.516260671149596]",0.546875,0.0234375,0.4296875
reactive,linear,128,0.8046875,"[0.68464715108501, 0.92472784891499]",101,4,23,"[0.7104932846593583, 0.8507869124950196]","[0.01221826524505338, 0.07759763126136077]","[0.12282459974516051, 0.25521626286755583]",0.7890625,0.03125,0.1796875
reactive,neural,128,0.8203125,"[0.70027215108501, 0.94035284891499]",103,4,21,"[0.7275592800992087, 0.864060387171622]","[0.01221826524505338, 0.07759763126136077]","[0.1098833164591933, 0.23781807603707017]",0.8046875,0.03125,0.1640625
reactive,calibrated,128,0.8125,"[0.69245965108501, 0.93254034891499]",102,4,22,"[0.7190073141485271, 0.8574426180640773]","[0.01221826524505338, 0.07759763126136077]","[0.11633115948147267, 0.24653996807301726]",0.796875,0.03125,0.171875
reactive,static,128,0.8125,"[0.69245965108501, 0.93254034891499]",102,4,22,"[0.7190073141485271, 0.8574426180640773]","[0.01221826524505338, 0.07759763126136077]","[0.11633115948147267, 0.24653996807301726]",0.796875,0.03125,0.171875
reactive,adaptive,128,0.8125,"[0.69245965108501, 0.93254034891499]",102,4,22,"[0.7190073141485271, 0.8574426180640773]","[0.01221826524505338, 0.07759763126136077]","[0.11633115948147267, 0.24653996807301726]",0.796875,0.03125,0.171875
reactive,frozen,128,0.8046875,"[0.68464715108501, 0.92472784891499]",101,4,23,"[0.7104932846593583, 0.8507869124950196]","[0.01221826524505338, 0.07759763126136077]","[0.12282459974516051, 0.25521626286755583]",0.7890625,0.03125,0.1796875
bankroll,equilibrium,128,0.90234375,"[0.78230340108501, 1.0]",115,1,12,"[0.8339751366963888, 0.9396813512731592]","[0.0013804318928742412, 0.04292625943886061]","[0.054443804399147026, 0.15672997257307855]",0.8984375,0.0078125,0.09375
bankroll,linear,128,0.859375,"[0.73933465108501, 0.97941534891499]",110,0,18,"[0.7886475076210383, 0.9091603050573774]","[0.0, 0.029136956273508416]","[0.09083969494262253, 0.21135249237896167]",0.859375,0.0,0.140625
bankroll,neural,128,0.859375,"[0.73933465108501, 0.97941534891499]",110,0,18,"[0.7886475076210383, 0.9091603050573774]","[0.0, 0.029136956273508416]","[0.09083969494262253, 0.21135249237896167]",0.859375,0.0,0.140625
bankroll,calibrated,128,0.8515625,"[0.73152215108501, 0.97160284891499]",109,0,19,"[0.7797727087736895, 0.9028653688464999]","[0.0, 0.029136956273508416]","[0.09713463115350009, 0.22022729122631057]",0.8515625,0.0,0.1484375
bankroll,static,128,0.8515625,"[0.73152215108501, 0.97160284891499]",109,0,19,"[0.7797727087736895, 0.9028653688464999]","[0.0, 0.029136956273508416]","[0.09713463115350009, 0.22022729122631057]",0.8515625,0.0,0.1484375
bankroll,adaptive,128,0.859375,"[0.73933465108501, 0.97941534891499]",110,0,18,"[0.7886475076210383, 0.9091603050573774]","[0.0, 0.029136956273508416]","[0.09083969494262253, 0.21135249237896167]",0.859375,0.0,0.140625
bankroll,frozen,128,0.859375,"[0.73933465108501, 0.97941534891499]",110,0,18,"[0.7886475076210383, 0.9091603050573774]","[0.0, 0.029136956273508416]","[0.09083969494262253, 0.21135249237896167]",0.859375,0.0,0.140625
streak,equilibrium,128,0.7578125,"[0.63777215108501, 0.87785284891499]",97,0,31,"[0.6767886369138937, 0.8238126200075785]","[0.0, 0.029136956273508416]","[0.17618737999242146, 0.3232113630861063]",0.7578125,0.0,0.2421875
streak,linear,128,0.84375,"[0.72370965108501, 0.96379034891499]",108,0,20,"[0.7709518905710295, 0.8965164519909334]","[0.0, 0.029136956273508416]","[0.10348354800906658, 0.22904810942897047]",0.84375,0.0,0.15625
streak,neural,128,0.86328125,"[0.74324090108501, 0.98332159891499]",110,1,17,"[0.7886475076210383, 0.9091603050573774]","[0.0013804318928742412, 0.04292625943886061]","[0.08460228531840389, 0.20242016694495388]",0.859375,0.0078125,0.1328125
streak,calibrated,128,0.8671875,"[0.74714715108501, 0.98722784891499]",111,0,17,"[0.7975798330550461, 0.9153977146815961]","[0.0, 0.029136956273508416]","[0.08460228531840389, 0.20242016694495388]",0.8671875,0.0,0.1328125
streak,static,128,0.8671875,"[0.74714715108501, 0.98722784891499]",111,0,17,"[0.7975798330550461, 0.9153977146815961]","[0.0, 0.029136956273508416]","[0.08460228531840389, 0.20242016694495388]",0.8671875,0.0,0.1328125
streak,adaptive,128,0.8671875,"[0.74714715108501, 0.98722784891499]",111,0,17,"[0.7975798330550461, 0.9153977146815961]","[0.0, 0.029136956273508416]","[0.08460228531840389, 0.20242016694495388]",0.8671875,0.0,0.1328125
streak,frozen,128,0.8671875,"[0.74714715108501, 0.98722784891499]",111,0,17,"[0.7975798330550461, 0.9153977146815961]","[0.0, 0.029136956273508416]","[0.08460228531840389, 0.20242016694495388]",0.8671875,0.0,0.1328125
cycle,equilibrium,128,0.7578125,"[0.63777215108501, 0.87785284891499]",94,6,28,"[0.6518470619103658, 0.8032449898364271]","[0.021657844171923776, 0.09849752245094322]","[0.15590524094938307, 0.29798429695446543]",0.734375,0.046875,0.21875
cycle,linear,128,0.78515625,"[0.66511590108501, 0.90519659891499]",99,3,26,"[0.6935732116243923, 0.8373675154135328]","[0.008002416396755481, 0.06664374505143222]","[0.1425573819359227, 0.2809926858514729]",0.7734375,0.0234375,0.203125
cycle,neural,128,0.78515625,"[0.66511590108501, 0.90519659891499]",99,3,26,"[0.6935732116243923, 0.8373675154135328]","[0.008002416396755481, 0.06664374505143222]","[0.1425573819359227, 0.2809926858514729]",0.7734375,0.0234375,0.203125
cycle,calibrated,128,0.78515625,"[0.66511590108501, 0.90519659891499]",99,3,26,"[0.6935732116243923, 0.8373675154135328]","[0.008002416396755481, 0.06664374505143222]","[0.1425573819359227, 0.2809926858514729]",0.7734375,0.0234375,0.203125
cycle,static,128,0.78515625,"[0.66511590108501, 0.90519659891499]",99,3,26,"[0.6935732116243923, 0.8373675154135328]","[0.008002416396755481, 0.06664374505143222]","[0.1425573819359227, 0.2809926858514729]",0.7734375,0.0234375,0.203125
cycle,adaptive,128,0.78515625,"[0.66511590108501, 0.90519659891499]",99,3,26,"[0.6935732116243923, 0.8373675154135328]","[0.008002416396755481, 0.06664374505143222]","[0.1425573819359227, 0.2809926858514729]",0.7734375,0.0234375,0.203125
cycle,frozen,128,0.78515625,"[0.66511590108501, 0.90519659891499]",99,3,26,"[0.6935732116243923, 0.8373675154135328]","[0.008002416396755481, 0.06664374505143222]","[0.1425573819359227, 0.2809926858514729]",0.7734375,0.0234375,0.203125
switch,equilibrium,128,0.7109375,"[0.59089715108501, 0.83097784891499]",90,2,36,"[0.6189947723495539, 0.7754183391643332]","[0.004295449710144082, 0.055180976679817195]","[0.2106132270868173, 0.3646341912828427]",0.703125,0.015625,0.28125
switch,linear,128,0.79296875,"[0.67292840108501, 0.91300909891499]",100,3,25,"[0.7020157030455345, 0.8440947590506169]","[0.008002416396755481, 0.06664374505143222]","[0.1359396128283779, 0.2724407199007913]",0.78125,0.0234375,0.1953125
switch,neural,128,0.8046875,"[0.68464715108501, 0.92472784891499]",102,2,24,"[0.7190073141485271, 0.8574426180640773]","[0.004295449710144082, 0.055180976679817195]","[0.12936141696376852, 0.2638491807071743]",0.796875,0.015625,0.1875
switch,calibrated,128,0.80078125,"[0.68074090108501, 0.92082159891499]",101,3,24,"[0.7104932846593583, 0.8507869124950196]","[0.008002416396755481, 0.06664374505143222]","[0.12936141696376852, 0.2638491807071743]",0.7890625,0.0234375,0.1875
switch,static,128,0.79296875,"[0.67292840108501, 0.91300909891499]",100,3,25,"[0.7020157030455345, 0.8440947590506169]","[0.008002416396755481, 0.06664374505143222]","[0.1359396128283779, 0.2724407199007913]",0.78125,0.0234375,0.1953125
switch,adaptive,128,0.80078125,"[0.68074090108501, 0.92082159891499]",101,3,24,"[0.7104932846593583, 0.8507869124950196]","[0.008002416396755481, 0.06664374505143222]","[0.12936141696376852, 0.2638491807071743]",0.7890625,0.0234375,0.1875
switch,frozen,128,0.79296875,"[0.67292840108501, 0.91300909891499]",100,3,25,"[0.7020157030455345, 0.8440947590506169]","[0.008002416396755481, 0.06664374505143222]","[0.1359396128283779, 0.2724407199007913]",0.78125,0.0234375,0.1953125
mimic,equilibrium,128,0.68359375,"[0.56355340108501, 0.80363409891499]",84,7,37,"[0.5704962778456513, 0.7328984233188773]","[0.026740201381346355, 0.10858490029974707]","[0.21758399767802578, 0.3728331557498606]",0.65625,0.0546875,0.2890625
mimic,linear,128,0.79296875,"[0.67292840108501, 0.91300909891499]",100,3,25,"[0.7020157030455345, 0.8440947590506169]","[0.008002416396755481, 0.06664374505143222]","[0.1359396128283779, 0.2724407199007913]",0.78125,0.0234375,0.1953125
mimic,neural,128,0.76171875,"[0.64167840108501, 0.88175909891499]",96,3,29,"[0.6684443704768313, 0.8169871513864144]","[0.008002416396755481, 0.06664374505143222]","[0.16263248458646726, 0.30642678837560766]",0.75,0.0234375,0.2265625
mimic,calibrated,128,0.77734375,"[0.65730340108501, 0.89738409891499]",98,3,27,"[0.6851645688917714, 0.8306064230879273]","[0.008002416396755481, 0.06664374505143222]","[0.14921308750498039, 0.28950671534064165]",0.765625,0.0234375,0.2109375
mimic,static,128,0.79296875,"[0.67292840108501, 0.91300909891499]",100,3,25,"[0.7020157030455345, 0.8440947590506169]","[0.008002416396755481, 0.06664374505143222]","[0.1359396128283779, 0.2724407199007913]",0.78125,0.0234375,0.1953125
mimic,adaptive,128,0.79296875,"[0.67292840108501, 0.91300909891499]",100,3,25,"[0.7020157030455345, 0.8440947590506169]","[0.008002416396755481, 0.06664374505143222]","[0.1359396128283779, 0.2724407199007913]",0.78125,0.0234375,0.1953125
mimic,frozen,128,0.77734375,"[0.65730340108501, 0.89738409891499]",98,3,27,"[0.6851645688917714, 0.8306064230879273]","[0.008002416396755481, 0.06664374505143222]","[0.14921308750498039, 0.28950671534064165]",0.765625,0.0234375,0.2109375
ambush,equilibrium,128,0.87890625,"[0.75886590108501, 0.99894659891499]",112,1,15,"[0.8065737291824854, 0.9215735536123834]","[0.0013804318928742412, 0.04292625943886061]","[0.07231682349355734, 0.18436615865334754]",0.875,0.0078125,0.1171875
ambush,linear,128,0.921875,"[0.80183465108501, 1.0]",118,0,10,"[0.8621530681952095, 0.9570126249490177]","[0.0, 0.029136956273508416]","[0.04298737505098223, 0.13784693180479052]",0.921875,0.0,0.078125
ambush,neural,128,0.921875,"[0.80183465108501, 1.0]",118,0,10,"[0.8621530681952095, 0.9570126249490177]","[0.0, 0.029136956273508416]","[0.04298737505098223, 0.13784693180479052]",0.921875,0.0,0.078125
ambush,calibrated,128,0.921875,"[0.80183465108501, 1.0]",118,0,10,"[0.8621530681952095, 0.9570126249490177]","[0.0, 0.029136956273508416]","[0.04298737505098223, 0.13784693180479052]",0.921875,0.0,0.078125
ambush,static,128,0.921875,"[0.80183465108501, 1.0]",118,0,10,"[0.8621530681952095, 0.9570126249490177]","[0.0, 0.029136956273508416]","[0.04298737505098223, 0.13784693180479052]",0.921875,0.0,0.078125
ambush,adaptive,128,0.921875,"[0.80183465108501, 1.0]",118,0,10,"[0.8621530681952095, 0.9570126249490177]","[0.0, 0.029136956273508416]","[0.04298737505098223, 0.13784693180479052]",0.921875,0.0,0.078125
ambush,frozen,128,0.921875,"[0.80183465108501, 1.0]",118,0,10,"[0.8621530681952095, 0.9570126249490177]","[0.0, 0.029136956273508416]","[0.04298737505098223, 0.13784693180479052]",0.921875,0.0,0.078125
changing,equilibrium,128,0.80859375,"[0.68855340108501, 0.92863409891499]",103,1,24,"[0.7275592800992087, 0.864060387171622]","[0.0013804318928742412, 0.04292625943886061]","[0.12936141696376852, 0.2638491807071743]",0.8046875,0.0078125,0.1875
changing,linear,128,0.87109375,"[0.75105340108501, 0.99113409891499]",110,3,15,"[0.7886475076210383, 0.9091603050573774]","[0.008002416396755481, 0.06664374505143222]","[0.07231682349355734, 0.18436615865334754]",0.859375,0.0234375,0.1171875
changing,neural,128,0.87890625,"[0.75886590108501, 0.99894659891499]",111,3,14,"[0.7975798330550461, 0.9153977146815961]","[0.008002416396755481, 0.06664374505143222]","[0.06627879570700111, 0.17523445138167731]",0.8671875,0.0234375,0.109375
changing,calibrated,128,0.87109375,"[0.75105340108501, 0.99113409891499]",110,3,15,"[0.7886475076210383, 0.9091603050573774]","[0.008002416396755481, 0.06664374505143222]","[0.07231682349355734, 0.18436615865334754]",0.859375,0.0234375,0.1171875
changing,static,128,0.87890625,"[0.75886590108501, 0.99894659891499]",111,3,14,"[0.7975798330550461, 0.9153977146815961]","[0.008002416396755481, 0.06664374505143222]","[0.06627879570700111, 0.17523445138167731]",0.8671875,0.0234375,0.109375
changing,adaptive,128,0.87890625,"[0.75886590108501, 0.99894659891499]",111,3,14,"[0.7975798330550461, 0.9153977146815961]","[0.008002416396755481, 0.06664374505143222]","[0.06627879570700111, 0.17523445138167731]",0.8671875,0.0234375,0.109375
changing,frozen,128,0.87890625,"[0.75886590108501, 0.99894659891499]",111,3,14,"[0.7975798330550461, 0.9153977146815961]","[0.008002416396755481, 0.06664374505143222]","[0.06627879570700111, 0.17523445138167731]",0.8671875,0.0234375,0.109375
delayed,equilibrium,128,0.64453125,"[0.52449090108501, 0.76457159891499]",82,1,45,"[0.5545225368033344, 0.7185326942447414]","[0.0013804318928742412, 0.04292625943886061]","[0.2742728728140724, 0.43750216107962536]",0.640625,0.0078125,0.3515625
delayed,linear,128,0.78125,"[0.66120965108501, 0.90129034891499]",98,4,26,"[0.6851645688917714, 0.8306064230879273]","[0.01221826524505338, 0.07759763126136077]","[0.1425573819359227, 0.2809926858514729]",0.765625,0.03125,0.203125
delayed,neural,128,0.8125,"[0.69245965108501, 0.93254034891499]",102,4,22,"[0.7190073141485271, 0.8574426180640773]","[0.01221826524505338, 0.07759763126136077]","[0.11633115948147267, 0.24653996807301726]",0.796875,0.03125,0.171875
delayed,calibrated,128,0.8125,"[0.69245965108501, 0.93254034891499]",102,4,22,"[0.7190073141485271, 0.8574426180640773]","[0.01221826524505338, 0.07759763126136077]","[0.11633115948147267, 0.24653996807301726]",0.796875,0.03125,0.171875
delayed,static,128,0.8125,"[0.69245965108501, 0.93254034891499]",102,4,22,"[0.7190073141485271, 0.8574426180640773]","[0.01221826524505338, 0.07759763126136077]","[0.11633115948147267, 0.24653996807301726]",0.796875,0.03125,0.171875
delayed,adaptive,128,0.8125,"[0.69245965108501, 0.93254034891499]",102,4,22,"[0.7190073141485271, 0.8574426180640773]","[0.01221826524505338, 0.07759763126136077]","[0.11633115948147267, 0.24653996807301726]",0.796875,0.03125,0.171875
delayed,frozen,128,0.8125,"[0.69245965108501, 0.93254034891499]",102,4,22,"[0.7190073141485271, 0.8574426180640773]","[0.01221826524505338, 0.07759763126136077]","[0.11633115948147267, 0.24653996807301726]",0.796875,0.03125,0.171875
contrarian,equilibrium,128,0.59765625,"[0.47761590108500995, 0.71769659891499]",75,3,50,"[0.4993185914156349, 0.6675484942248558]","[0.008002416396755481, 0.06664374505143222]","[0.31047019100495765, 0.4771535181798723]",0.5859375,0.0234375,0.390625
contrarian,linear,128,0.796875,"[0.67683465108501, 0.91691534891499]",100,4,24,"[0.7020157030455345, 0.8440947590506169]","[0.01221826524505338, 0.07759763126136077]","[0.12936141696376852, 0.2638491807071743]",0.78125,0.03125,0.1875
contrarian,neural,128,0.8203125,"[0.70027215108501, 0.94035284891499]",104,2,22,"[0.7361508192928257, 0.8706385830362315]","[0.004295449710144082, 0.055180976679817195]","[0.11633115948147267, 0.24653996807301726]",0.8125,0.015625,0.171875
contrarian,calibrated,128,0.80078125,"[0.68074090108501, 0.92082159891499]",101,3,24,"[0.7104932846593583, 0.8507869124950196]","[0.008002416396755481, 0.06664374505143222]","[0.12936141696376852, 0.2638491807071743]",0.7890625,0.0234375,0.1875
contrarian,static,128,0.80859375,"[0.68855340108501, 0.92863409891499]",102,3,23,"[0.7190073141485271, 0.8574426180640773]","[0.008002416396755481, 0.06664374505143222]","[0.12282459974516051, 0.25521626286755583]",0.796875,0.0234375,0.1796875
contrarian,adaptive,128,0.79296875,"[0.67292840108501, 0.91300909891499]",100,3,25,"[0.7020157030455345, 0.8440947590506169]","[0.008002416396755481, 0.06664374505143222]","[0.1359396128283779, 0.2724407199007913]",0.78125,0.0234375,0.1953125
contrarian,frozen,128,0.7890625,"[0.66902215108501, 0.90910284891499]",99,4,25,"[0.6935732116243923, 0.8373675154135328]","[0.01221826524505338, 0.07759763126136077]","[0.1359396128283779, 0.2724407199007913]",0.7734375,0.03125,0.1953125
